{
  "UiPath.CV.Activities.GenericCV.DelayBeforeMS": "300",
  "UiPath.CV.Activities.GenericCV.DelayAfterMS": "0",
  "UiPath.CV.Activities.GenericCV.TimeoutMS": "30000",
  "UiPath.CV.Activities.GenericCV.DelayBetweenKeys": "100",
  "UiPath.CV.Activities.CvScope.Server": "https://cv.uipath.com",
  "UiPath.CV.Activities.CvScope.ApiKey": "Vcw72d7/bjykHisYjvNxzoFe/LdxPaXl002cRRorVEP5OxeRRpBLKvz1c5Vvrkly/YPANRFCrU/q53WEIpIlgw==",
  "UiPath.CV.Activities.CvScope.UseLocalServer": "False",
  "UiPath.CV.Activities.CvScope.CVMethod": "ElementDetection|OCR"
}